Nivel,Largo_Patron,Aciertos,Errores,Tiempo_Reaccion,Racha,Accion_ML
1,2,2,0,4.27,1,MANTENER
1,2,1,1,5.42,1,MANTENER
4,5,4,1,11.91,0,BAJAR
5,5,5,0,8.51,0,MANTENER
4,5,5,0,8.04,1,MANTENER
1,2,2,0,2.79,2,SUBIR
1,2,2,0,2.32,2,SUBIR
5,5,5,0,8.85,2,MANTENER
2,3,3,0,4.28,3,SUBIR
4,5,5,0,9.2,3,SUBIR
5,5,4,1,12.73,2,BAJAR
4,5,4,1,10.76,1,BAJAR
4,5,4,1,7.69,0,MANTENER
3,4,4,0,5.03,1,SUBIR
5,5,4,1,10.27,0,BAJAR
5,5,4,1,11.29,0,BAJAR
3,4,3,1,7.77,0,MANTENER
3,4,4,0,5.23,0,MANTENER
1,2,1,1,4.92,-1,MANTENER
1,2,2,0,2.22,0,SUBIR
4,5,5,0,7.33,0,MANTENER
3,4,4,0,6.61,0,MANTENER
5,5,4,1,11.63,0,BAJAR
3,4,3,1,7.79,-1,MANTENER
1,2,2,0,4.12,0,MANTENER
5,5,4,1,13.56,0,BAJAR
3,4,4,0,4.85,1,SUBIR
1,2,2,0,4.41,2,MANTENER
1,2,2,0,2.29,3,SUBIR
4,5,5,0,8.29,4,SUBIR
2,3,3,0,4.55,5,SUBIR
5,5,5,0,6.93,5,MANTENER
1,2,2,0,4.25,5,MANTENER
2,3,3,0,4.0,5,SUBIR
5,5,4,1,10.02,4,BAJAR
2,3,3,0,5.08,4,SUBIR
5,5,4,1,11.76,3,BAJAR
4,5,5,0,7.71,4,SUBIR
2,3,3,0,5.48,5,SUBIR
4,5,4,1,10.49,4,MANTENER
1,2,2,0,4.04,4,MANTENER
2,3,2,1,4.68,3,MANTENER
3,4,3,1,7.77,3,MANTENER
1,2,2,0,4.2,4,MANTENER
4,5,5,0,8.18,4,SUBIR
5,5,4,1,7.81,4,BAJAR
2,3,3,0,3.53,5,SUBIR
3,4,3,1,8.1,5,MANTENER
3,4,4,0,5.82,6,SUBIR
3,4,3,1,7.47,5,MANTENER
5,5,5,0,9.01,5,MANTENER
1,2,2,0,3.04,6,SUBIR
3,4,4,0,6.2,7,SUBIR
4,5,4,1,9.99,7,MANTENER
2,3,2,1,6.87,7,BAJAR
1,2,2,0,2.09,7,SUBIR
3,4,4,0,5.54,7,SUBIR
2,3,3,0,4.15,8,SUBIR
3,4,4,0,4.82,8,SUBIR
4,5,5,0,6.7,8,SUBIR
4,5,4,1,11.09,7,BAJAR
1,2,2,0,2.05,8,SUBIR
5,5,4,1,10.73,7,BAJAR
3,4,3,1,7.8,6,MANTENER
1,2,2,0,2.89,7,SUBIR
1,2,1,1,6.24,7,MANTENER
3,4,4,0,5.85,8,SUBIR
3,4,3,1,6.85,7,MANTENER
1,2,1,1,6.23,7,MANTENER
2,3,2,1,4.72,7,MANTENER
3,4,3,1,7.74,6,MANTENER
4,5,5,0,8.89,7,SUBIR
2,3,3,0,4.47,7,SUBIR
4,5,4,1,8.63,6,MANTENER
1,2,2,0,3.52,7,SUBIR
1,2,1,1,5.66,7,MANTENER
5,5,4,1,9.08,7,BAJAR
4,5,4,1,7.9,7,MANTENER
1,2,2,0,3.59,7,SUBIR
1,2,1,1,4.6,7,MANTENER
2,3,3,0,3.96,8,SUBIR
1,2,2,0,4.12,8,MANTENER
3,4,3,1,9.92,8,BAJAR
5,5,5,0,9.16,8,MANTENER
1,2,2,0,4.08,8,MANTENER
3,4,4,0,6.76,8,SUBIR
3,4,4,0,7.16,8,SUBIR
3,4,4,0,6.2,8,SUBIR
5,5,4,1,10.41,8,BAJAR
5,5,4,1,12.9,7,BAJAR
3,4,4,0,4.54,8,SUBIR
4,5,4,1,8.55,7,MANTENER
1,2,2,0,4.37,8,MANTENER
2,3,3,0,3.3,8,SUBIR
3,4,3,1,8.03,7,MANTENER
4,5,4,1,8.43,6,MANTENER
3,4,3,1,7.61,6,MANTENER
1,2,2,0,2.83,6,SUBIR
1,2,2,0,4.0,6,SUBIR
1,2,2,0,2.75,7,SUBIR
4,5,5,0,8.36,8,SUBIR
5,5,4,1,10.53,7,BAJAR
5,5,4,1,10.02,6,BAJAR
4,5,4,1,7.63,6,MANTENER
1,2,2,0,4.29,6,MANTENER
1,2,2,0,3.83,6,SUBIR
3,4,3,1,6.23,5,MANTENER
4,5,4,1,10.06,5,MANTENER
1,2,2,0,3.27,5,SUBIR
4,5,4,1,8.32,5,MANTENER
4,5,5,0,9.31,6,SUBIR
2,3,3,0,3.79,6,SUBIR
1,2,2,0,3.46,6,SUBIR
3,4,4,0,4.53,6,SUBIR
3,4,4,0,6.7,7,SUBIR
4,5,5,0,8.08,7,SUBIR
5,5,5,0,8.21,8,MANTENER
1,2,1,1,5.04,8,MANTENER
4,5,5,0,9.26,8,SUBIR
2,3,3,0,5.01,8,SUBIR
1,2,1,1,6.74,8,MANTENER
5,5,4,1,13.27,7,BAJAR
2,3,3,0,4.34,8,SUBIR
3,4,4,0,7.06,8,SUBIR
1,2,2,0,4.49,8,MANTENER
4,5,4,1,11.79,8,BAJAR
4,5,4,1,8.25,7,MANTENER
5,5,5,0,8.03,8,MANTENER
2,3,3,0,3.69,8,SUBIR
4,5,4,1,8.53,8,MANTENER
4,5,5,0,8.42,8,SUBIR
1,2,2,0,3.25,8,SUBIR
1,2,1,1,5.79,7,MANTENER
3,4,4,0,6.58,8,SUBIR
2,3,3,0,4.14,8,SUBIR
2,3,3,0,4.43,8,SUBIR
4,5,4,1,9.89,8,MANTENER
3,4,4,0,4.87,8,SUBIR
1,2,2,0,3.19,8,SUBIR
1,2,2,0,3.33,8,SUBIR
5,5,5,0,9.41,8,MANTENER
5,5,4,1,10.99,7,BAJAR
3,4,4,0,6.68,8,SUBIR
1,2,2,0,2.11,8,SUBIR
5,5,4,1,11.46,8,BAJAR
1,2,2,0,2.08,8,SUBIR
1,2,2,0,4.48,8,MANTENER
2,3,3,0,3.54,8,SUBIR
2,3,3,0,5.17,8,SUBIR
1,2,1,1,5.21,8,MANTENER
2,3,3,0,4.25,8,SUBIR
1,2,1,1,5.03,7,MANTENER
4,5,4,1,11.41,6,BAJAR
1,2,2,0,3.87,7,SUBIR
4,5,4,1,10.31,6,MANTENER
3,4,4,0,4.69,7,SUBIR
1,2,2,0,2.53,8,SUBIR
4,5,4,1,11.0,7,BAJAR
4,5,4,1,11.57,7,BAJAR
2,3,3,0,3.71,7,SUBIR
3,4,3,1,9.66,6,BAJAR
3,4,3,1,8.74,5,BAJAR
3,4,4,0,7.28,5,SUBIR
2,3,3,0,4.68,6,SUBIR
5,5,4,1,9.74,6,BAJAR
5,5,5,0,9.17,6,MANTENER
5,5,4,1,13.01,6,BAJAR
4,5,5,0,9.25,7,SUBIR
3,4,4,0,5.15,8,SUBIR
2,3,3,0,3.05,8,SUBIR
4,5,5,0,9.0,8,SUBIR
4,5,5,0,8.07,8,SUBIR
4,5,5,0,6.99,8,SUBIR
1,2,2,0,3.69,8,SUBIR
3,4,4,0,6.08,8,SUBIR
4,5,4,1,11.22,7,BAJAR
3,4,3,1,9.45,7,BAJAR
3,4,4,0,5.03,7,SUBIR
4,5,4,1,7.47,7,MANTENER
5,5,5,0,10.19,7,MANTENER
1,2,2,0,2.37,8,SUBIR
4,5,5,0,6.85,8,SUBIR
4,5,4,1,11.15,8,BAJAR
3,4,4,0,7.16,8,SUBIR
3,4,4,0,5.33,8,SUBIR
1,2,1,1,6.33,8,MANTENER
4,5,5,0,6.71,8,SUBIR
1,2,2,0,2.58,8,SUBIR
2,3,3,0,3.38,8,SUBIR
3,4,3,1,9.05,8,BAJAR
3,4,4,0,5.65,8,SUBIR
2,3,3,0,4.21,8,SUBIR
1,2,2,0,3.44,8,SUBIR
3,4,3,1,5.95,7,MANTENER
2,3,2,1,7.04,6,BAJAR
1,2,2,0,3.42,6,SUBIR
2,3,3,0,5.32,6,SUBIR
2,3,3,0,4.92,6,SUBIR
5,5,5,0,9.99,6,MANTENER
1,2,1,1,3.85,5,MANTENER
3,4,4,0,7.03,6,SUBIR
2,3,3,0,4.85,7,SUBIR
5,5,5,0,10.82,8,MANTENER
1,2,1,1,5.9,8,MANTENER
2,3,3,0,3.14,8,SUBIR
1,2,2,0,3.08,8,SUBIR
2,3,3,0,5.33,8,SUBIR
5,5,5,0,10.8,8,MANTENER
1,2,2,0,4.35,8,MANTENER
1,2,2,0,2.09,8,SUBIR
2,3,3,0,5.06,8,SUBIR
5,5,5,0,10.2,8,MANTENER
1,2,2,0,2.33,8,SUBIR
4,5,4,1,9.08,7,MANTENER
4,5,5,0,6.86,7,SUBIR
1,2,2,0,2.21,7,SUBIR
2,3,3,0,5.11,7,SUBIR
3,4,4,0,5.78,8,SUBIR
4,5,5,0,8.44,8,SUBIR
3,4,4,0,5.59,8,SUBIR
5,5,5,0,10.63,8,MANTENER
4,5,5,0,6.9,8,SUBIR
4,5,5,0,8.6,8,SUBIR
4,5,4,1,8.94,8,MANTENER
1,2,2,0,2.45,8,SUBIR
3,4,4,0,7.45,8,SUBIR
5,5,4,1,10.22,8,BAJAR
1,2,2,0,2.51,8,SUBIR
3,4,4,0,5.42,8,SUBIR
2,3,3,0,5.19,8,SUBIR
5,5,5,0,10.46,8,MANTENER
3,4,4,0,4.52,8,SUBIR
3,4,3,1,9.64,7,BAJAR
3,4,3,1,6.88,7,MANTENER
2,3,2,1,4.87,6,MANTENER
2,3,2,1,7.0,6,BAJAR
5,5,4,1,9.04,6,BAJAR
3,4,4,0,5.21,7,SUBIR
1,2,2,0,3.2,7,SUBIR
5,5,4,1,9.54,6,BAJAR
4,5,5,0,6.23,6,SUBIR
2,3,3,0,4.29,6,SUBIR
2,3,3,0,4.95,6,SUBIR
3,4,4,0,4.77,6,SUBIR
4,5,4,1,10.56,5,BAJAR
4,5,4,1,11.3,5,BAJAR
3,4,4,0,5.81,5,SUBIR
1,2,2,0,3.13,5,SUBIR
5,5,5,0,7.33,6,MANTENER
5,5,5,0,6.63,6,MANTENER
2,3,3,0,3.07,7,SUBIR
5,5,5,0,6.86,7,MANTENER
3,4,3,1,7.58,7,MANTENER
1,2,2,0,2.62,7,SUBIR
5,5,4,1,7.89,7,BAJAR
4,5,4,1,9.52,6,MANTENER
1,2,2,0,2.77,7,SUBIR
3,4,3,1,8.59,7,BAJAR
4,5,5,0,9.13,7,SUBIR
2,3,2,1,7.01,7,BAJAR
1,2,1,1,5.12,6,MANTENER
5,5,4,1,9.14,6,BAJAR
1,2,1,1,6.22,5,MANTENER
2,3,3,0,3.19,5,SUBIR
1,2,2,0,3.75,5,SUBIR
4,5,4,1,8.27,5,MANTENER
5,5,4,1,13.07,4,BAJAR
1,2,2,0,3.15,4,SUBIR
1,2,2,0,2.84,5,SUBIR
5,5,4,1,12.66,4,BAJAR
5,5,4,1,13.53,3,BAJAR
4,5,4,1,8.97,3,MANTENER
5,5,5,0,7.13,3,MANTENER
3,4,3,1,8.72,3,BAJAR
3,4,4,0,6.68,3,SUBIR
1,2,2,0,2.93,4,SUBIR
2,3,3,0,5.01,4,SUBIR
4,5,5,0,7.52,4,SUBIR
5,5,4,1,8.54,3,BAJAR
3,4,4,0,6.78,4,SUBIR
5,5,4,1,10.08,4,BAJAR
4,5,4,1,7.88,3,MANTENER
5,5,4,1,10.35,3,BAJAR
2,3,3,0,3.91,4,SUBIR
4,5,4,1,11.67,3,BAJAR
2,3,3,0,5.31,4,SUBIR
3,4,4,0,6.18,5,SUBIR
5,5,4,1,9.63,5,BAJAR
4,5,5,0,6.47,5,SUBIR
5,5,4,1,9.29,4,BAJAR
1,2,2,0,4.16,4,MANTENER
5,5,4,1,10.86,4,BAJAR
4,5,4,1,10.56,3,BAJAR
1,2,2,0,2.21,3,SUBIR
2,3,3,0,5.06,3,SUBIR
5,5,4,1,9.79,2,BAJAR
1,2,2,0,3.39,3,SUBIR
4,5,5,0,6.37,4,SUBIR
4,5,5,0,6.51,4,SUBIR
5,5,4,1,9.38,4,BAJAR
2,3,3,0,5.22,5,SUBIR
3,4,3,1,6.56,4,MANTENER
3,4,4,0,6.39,4,SUBIR
1,2,2,0,2.6,4,SUBIR
3,4,3,1,8.37,3,MANTENER
3,4,4,0,5.37,3,SUBIR
2,3,2,1,7.56,3,BAJAR
1,2,2,0,2.68,4,SUBIR
3,4,3,1,8.39,4,MANTENER
4,5,4,1,8.0,3,MANTENER
4,5,4,1,11.58,3,BAJAR
1,2,1,1,5.1,2,MANTENER
5,5,5,0,7.55,2,MANTENER
5,5,5,0,8.03,3,MANTENER
5,5,4,1,10.13,2,BAJAR
1,2,2,0,3.64,2,SUBIR
3,4,3,1,7.34,1,MANTENER
3,4,4,0,5.11,1,SUBIR
5,5,5,0,7.89,2,MANTENER
2,3,3,0,4.7,2,SUBIR
1,2,2,0,2.36,2,SUBIR
1,2,2,0,2.23,2,SUBIR
2,3,3,0,5.16,2,SUBIR
3,4,3,1,7.02,1,MANTENER
1,2,1,1,6.43,1,MANTENER
2,3,2,1,7.48,0,BAJAR
1,2,1,1,6.07,-1,MANTENER
4,5,4,1,10.04,-1,MANTENER
1,2,2,0,2.76,0,SUBIR
2,3,3,0,5.07,1,SUBIR
5,5,4,1,11.07,0,BAJAR
2,3,2,1,5.67,-1,MANTENER
5,5,4,1,9.38,-2,BAJAR
3,4,3,1,7.49,-3,MANTENER
1,2,2,0,3.58,-2,SUBIR
4,5,5,0,6.85,-2,MANTENER
3,4,4,0,5.18,-2,MANTENER
3,4,4,0,5.34,-1,MANTENER
5,5,4,1,10.61,-1,BAJAR
5,5,4,1,10.44,-2,BAJAR
1,2,1,1,6.79,-2,MANTENER
2,3,3,0,4.17,-2,MANTENER
2,3,2,1,6.21,-3,MANTENER
3,4,4,0,5.87,-2,MANTENER
5,5,5,0,7.11,-2,MANTENER
1,2,2,0,3.82,-1,SUBIR
1,2,2,0,3.65,0,SUBIR
2,3,3,0,5.21,0,SUBIR
1,2,2,0,2.6,1,SUBIR
2,3,3,0,4.12,2,SUBIR
3,4,4,0,4.79,3,SUBIR
2,3,3,0,4.76,4,SUBIR
2,3,3,0,5.48,4,SUBIR
1,2,2,0,3.41,4,SUBIR
3,4,4,0,7.13,5,SUBIR
5,5,5,0,8.0,6,MANTENER
2,3,3,0,5.15,6,SUBIR
5,5,4,1,8.31,5,BAJAR
4,5,4,1,11.59,5,BAJAR
4,5,4,1,8.68,4,MANTENER
3,4,4,0,5.55,4,SUBIR
1,2,2,0,2.18,4,SUBIR
3,4,4,0,6.92,5,SUBIR
3,4,4,0,6.8,5,SUBIR
2,3,2,1,6.47,4,MANTENER
5,5,5,0,9.08,5,MANTENER
3,4,4,0,6.09,5,SUBIR
5,5,4,1,9.86,4,BAJAR
3,4,4,0,5.27,4,SUBIR
1,2,2,0,4.1,4,MANTENER
1,2,2,0,2.25,5,SUBIR
2,3,3,0,4.76,6,SUBIR
1,2,1,1,5.03,6,MANTENER
4,5,4,1,11.3,6,BAJAR
3,4,3,1,8.83,6,BAJAR
5,5,5,0,6.76,7,MANTENER
3,4,3,1,6.48,6,MANTENER
2,3,3,0,4.85,6,SUBIR
1,2,1,1,4.16,6,MANTENER
1,2,2,0,2.39,6,SUBIR
3,4,4,0,5.88,6,SUBIR
5,5,4,1,11.07,6,BAJAR
3,4,4,0,5.38,6,SUBIR
3,4,4,0,5.76,7,SUBIR
3,4,3,1,9.08,6,BAJAR
3,4,4,0,5.69,7,SUBIR
5,5,5,0,9.16,7,MANTENER
5,5,4,1,10.4,7,BAJAR
5,5,4,1,10.9,6,BAJAR
3,4,4,0,5.7,6,SUBIR
3,4,4,0,7.24,6,SUBIR
3,4,3,1,6.31,5,MANTENER
3,4,4,0,7.5,5,SUBIR
4,5,4,1,8.74,4,MANTENER
4,5,4,1,8.21,4,MANTENER
2,3,3,0,5.39,5,SUBIR
5,5,4,1,11.87,5,BAJAR
2,3,2,1,4.94,4,MANTENER
3,4,4,0,4.62,4,SUBIR
4,5,4,1,8.69,4,MANTENER
4,5,4,1,11.14,3,BAJAR
1,2,2,0,4.46,3,MANTENER
5,5,4,1,10.16,3,BAJAR
3,4,4,0,6.36,3,SUBIR
5,5,4,1,8.32,3,BAJAR
4,5,5,0,7.89,4,SUBIR
1,2,2,0,3.96,5,SUBIR
3,4,3,1,8.25,4,MANTENER
1,2,1,1,3.62,3,MANTENER
1,2,2,0,4.5,4,MANTENER
2,3,3,0,3.03,5,SUBIR
4,5,4,1,8.8,5,MANTENER
3,4,3,1,9.25,5,BAJAR
1,2,2,0,2.89,5,SUBIR
3,4,4,0,5.04,5,SUBIR
1,2,2,0,3.19,5,SUBIR
2,3,3,0,3.93,6,SUBIR
3,4,3,1,9.23,5,BAJAR
1,2,1,1,6.47,4,MANTENER
3,4,4,0,4.81,5,SUBIR
1,2,1,1,4.49,5,MANTENER
3,4,4,0,7.39,6,SUBIR
4,5,4,1,10.89,6,BAJAR
5,5,5,0,9.56,7,MANTENER
4,5,4,1,7.13,7,MANTENER
4,5,4,1,11.37,6,BAJAR
4,5,5,0,6.24,7,SUBIR
1,2,2,0,2.78,7,SUBIR
4,5,5,0,6.1,7,SUBIR
3,4,3,1,7.71,6,MANTENER
3,4,3,1,7.72,6,MANTENER
1,2,1,1,4.8,5,MANTENER
4,5,4,1,9.08,5,MANTENER
1,2,2,0,2.68,6,SUBIR
5,5,5,0,7.82,7,MANTENER
2,3,3,0,4.52,8,SUBIR
1,2,2,0,3.1,8,SUBIR
5,5,5,0,9.64,8,MANTENER
4,5,5,0,6.88,8,SUBIR
1,2,2,0,2.14,8,SUBIR
4,5,4,1,8.31,8,MANTENER
1,2,2,0,2.93,8,SUBIR
5,5,5,0,7.5,8,MANTENER
4,5,5,0,7.47,8,SUBIR
1,2,1,1,5.49,7,MANTENER
2,3,3,0,3.2,7,SUBIR
2,3,2,1,6.54,7,BAJAR
1,2,2,0,4.18,7,MANTENER
2,3,2,1,5.46,6,MANTENER
3,4,4,0,5.94,7,SUBIR
3,4,3,1,6.84,7,MANTENER
2,3,3,0,4.48,8,SUBIR
2,3,3,0,3.54,8,SUBIR
2,3,2,1,8.05,8,BAJAR
4,5,5,0,8.63,8,SUBIR
2,3,3,0,4.12,8,SUBIR
5,5,4,1,8.74,7,BAJAR
1,2,2,0,3.73,8,SUBIR
2,3,2,1,6.17,7,MANTENER
3,4,4,0,4.81,7,SUBIR
5,5,5,0,6.56,7,MANTENER
5,5,4,1,12.9,6,BAJAR
5,5,5,0,9.85,7,MANTENER
2,3,3,0,4.66,8,SUBIR
4,5,4,1,9.47,7,MANTENER
1,2,2,0,2.04,7,SUBIR
3,4,3,1,8.19,6,MANTENER
5,5,4,1,11.26,6,BAJAR
3,4,4,0,7.05,7,SUBIR
2,3,3,0,4.32,7,SUBIR
3,4,4,0,5.89,7,SUBIR
3,4,4,0,4.53,8,SUBIR
1,2,1,1,4.25,7,MANTENER
1,2,2,0,2.52,7,SUBIR
5,5,4,1,9.23,6,BAJAR
3,4,4,0,4.82,7,SUBIR
4,5,5,0,8.43,7,SUBIR
5,5,5,0,9.25,7,MANTENER
4,5,5,0,7.08,8,SUBIR
5,5,5,0,10.88,8,MANTENER
4,5,4,1,10.56,7,BAJAR
3,4,3,1,6.74,6,MANTENER
4,5,4,1,8.58,5,MANTENER
3,4,3,1,9.01,4,BAJAR
1,2,2,0,2.0,4,SUBIR
3,4,4,0,5.22,5,SUBIR
4,5,4,1,11.64,5,BAJAR
1,2,1,1,5.99,5,MANTENER
3,4,3,1,8.1,5,MANTENER
5,5,5,0,7.31,5,MANTENER
5,5,4,1,11.27,4,BAJAR
1,2,2,0,2.87,5,SUBIR
5,5,4,1,9.17,4,BAJAR
4,5,4,1,7.87,4,MANTENER
5,5,5,0,7.77,5,MANTENER
3,4,4,0,6.21,5,SUBIR
3,4,3,1,5.6,5,MANTENER
2,3,2,1,5.99,5,MANTENER
5,5,4,1,10.8,4,BAJAR
1,2,1,1,4.31,3,MANTENER
3,4,3,1,7.88,3,MANTENER
1,2,2,0,3.01,4,SUBIR
2,3,3,0,4.83,5,SUBIR
5,5,4,1,12.43,5,BAJAR
5,5,5,0,8.13,5,MANTENER
1,2,2,0,4.47,6,MANTENER
3,4,4,0,4.62,6,SUBIR
2,3,3,0,4.6,7,SUBIR
1,2,2,0,3.39,8,SUBIR
4,5,5,0,6.16,8,SUBIR
3,4,4,0,4.82,8,SUBIR
1,2,2,0,2.18,8,SUBIR
2,3,3,0,3.77,8,SUBIR
2,3,2,1,5.27,7,MANTENER
5,5,5,0,7.92,8,MANTENER
5,5,4,1,9.81,7,BAJAR
2,3,2,1,7.88,6,BAJAR
4,5,4,1,8.71,6,MANTENER
4,5,4,1,11.21,5,BAJAR
1,2,2,0,2.94,5,SUBIR
1,2,2,0,2.35,5,SUBIR
1,2,1,1,3.92,5,MANTENER
3,4,4,0,4.86,5,SUBIR
2,3,2,1,5.67,5,MANTENER
5,5,4,1,11.02,5,BAJAR
4,5,4,1,10.45,5,MANTENER
4,5,5,0,8.1,5,SUBIR
4,5,5,0,9.25,6,SUBIR
2,3,2,1,7.26,5,BAJAR
1,2,2,0,4.45,6,MANTENER
3,4,4,0,4.91,7,SUBIR
2,3,3,0,4.44,8,SUBIR
4,5,5,0,7.35,8,SUBIR
5,5,4,1,10.9,8,BAJAR
5,5,5,0,6.81,8,MANTENER
1,2,2,0,2.98,8,SUBIR
3,4,4,0,5.69,8,SUBIR
2,3,3,0,4.5,8,SUBIR
5,5,5,0,7.24,8,MANTENER
5,5,4,1,11.98,7,BAJAR
1,2,2,0,3.5,8,SUBIR
1,2,2,0,2.93,8,SUBIR
3,4,3,1,7.88,8,MANTENER
4,5,5,0,9.38,8,SUBIR
4,5,5,0,9.28,8,SUBIR
3,4,4,0,5.65,8,SUBIR
3,4,4,0,5.0,8,SUBIR
2,3,3,0,3.12,8,SUBIR
1,2,1,1,5.02,7,MANTENER
4,5,5,0,6.15,8,SUBIR
2,3,3,0,3.0,8,SUBIR
3,4,4,0,7.11,8,SUBIR
5,5,5,0,9.27,8,MANTENER
1,2,2,0,3.8,8,SUBIR
3,4,4,0,6.02,8,SUBIR
4,5,4,1,10.94,8,BAJAR
1,2,2,0,2.58,8,SUBIR
2,3,3,0,5.01,8,SUBIR
4,5,4,1,7.51,7,MANTENER
2,3,3,0,3.1,7,SUBIR
1,2,2,0,2.13,7,SUBIR
3,4,3,1,6.11,7,MANTENER
1,2,2,0,4.02,8,MANTENER
5,5,4,1,11.0,7,BAJAR
3,4,3,1,7.09,6,MANTENER
5,5,5,0,9.05,6,MANTENER
1,2,2,0,2.44,6,SUBIR
5,5,4,1,12.29,6,BAJAR
3,4,4,0,5.71,6,SUBIR
5,5,4,1,10.53,5,BAJAR
3,4,3,1,8.04,5,MANTENER
1,2,2,0,3.71,5,SUBIR
2,3,3,0,4.21,5,SUBIR
3,4,4,0,6.37,5,SUBIR
3,4,4,0,5.79,5,SUBIR
3,4,4,0,5.87,6,SUBIR
5,5,5,0,10.35,6,MANTENER
2,3,2,1,5.82,5,MANTENER
2,3,3,0,3.96,6,SUBIR
2,3,3,0,3.16,7,SUBIR
4,5,4,1,9.72,6,MANTENER
4,5,4,1,9.92,5,MANTENER
4,5,5,0,7.6,6,SUBIR
4,5,4,1,11.66,5,BAJAR
4,5,4,1,9.85,4,MANTENER
4,5,5,0,8.54,4,SUBIR
1,2,1,1,4.76,3,MANTENER
5,5,5,0,7.84,4,MANTENER
2,3,3,0,3.71,5,SUBIR
2,3,3,0,5.37,5,SUBIR
3,4,3,1,6.42,4,MANTENER
1,2,2,0,2.75,5,SUBIR
1,2,2,0,3.23,6,SUBIR
3,4,4,0,7.02,7,SUBIR
5,5,4,1,13.03,7,BAJAR
5,5,5,0,7.51,7,MANTENER
1,2,2,0,3.99,8,SUBIR
5,5,4,1,10.92,7,BAJAR
5,5,4,1,12.03,7,BAJAR
3,4,4,0,5.05,7,SUBIR
4,5,5,0,8.82,7,SUBIR
3,4,3,1,8.88,7,BAJAR
2,3,3,0,4.44,8,SUBIR
4,5,4,1,7.62,8,MANTENER
1,2,2,0,3.85,8,SUBIR
3,4,3,1,7.36,8,MANTENER
2,3,3,0,3.51,8,SUBIR
2,3,2,1,6.46,8,MANTENER
3,4,3,1,8.92,8,BAJAR
2,3,2,1,6.45,7,MANTENER
3,4,4,0,7.14,8,SUBIR
4,5,4,1,10.71,8,BAJAR
2,3,3,0,3.25,8,SUBIR
3,4,4,0,6.4,8,SUBIR
4,5,4,1,10.09,7,MANTENER
2,3,3,0,3.36,8,SUBIR
5,5,4,1,9.65,8,BAJAR
5,5,5,0,10.76,8,MANTENER
5,5,4,1,7.62,8,BAJAR
3,4,4,0,6.42,8,SUBIR
3,4,4,0,7.12,8,SUBIR
4,5,5,0,8.31,8,SUBIR
3,4,4,0,6.0,8,SUBIR
4,5,5,0,7.01,8,SUBIR
4,5,4,1,9.26,8,MANTENER
2,3,3,0,3.73,8,SUBIR
2,3,3,0,3.17,8,SUBIR
4,5,5,0,8.84,8,SUBIR
5,5,4,1,9.3,7,BAJAR
3,4,4,0,5.13,7,SUBIR
3,4,4,0,6.42,7,SUBIR
2,3,3,0,3.02,7,SUBIR
1,2,2,0,2.49,8,SUBIR
3,4,4,0,5.97,8,SUBIR
1,2,2,0,3.03,8,SUBIR
1,2,2,0,2.97,8,SUBIR
2,3,2,1,8.0,7,BAJAR
4,5,4,1,8.52,7,MANTENER
2,3,3,0,3.68,8,SUBIR
4,5,4,1,10.3,8,MANTENER
1,2,2,0,2.7,8,SUBIR
2,3,3,0,4.98,8,SUBIR
2,3,2,1,5.82,8,MANTENER
3,4,4,0,6.66,8,SUBIR
4,5,5,0,8.1,8,SUBIR
2,3,2,1,5.31,8,MANTENER
2,3,3,0,3.16,8,SUBIR
1,2,1,1,6.35,8,MANTENER
4,5,5,0,6.6,8,SUBIR
4,5,4,1,8.42,8,MANTENER
4,5,4,1,10.12,8,MANTENER
4,5,5,0,6.49,8,SUBIR
3,4,3,1,9.25,7,BAJAR
2,3,2,1,5.25,6,MANTENER
1,2,2,0,3.98,6,SUBIR
5,5,5,0,10.52,7,MANTENER
2,3,3,0,4.96,7,SUBIR
4,5,5,0,7.51,8,SUBIR
5,5,4,1,10.81,7,BAJAR
3,4,3,1,7.29,7,MANTENER
4,5,5,0,7.11,8,SUBIR
5,5,4,1,11.9,8,BAJAR
3,4,3,1,8.49,7,MANTENER
3,4,4,0,6.29,8,SUBIR
2,3,3,0,4.89,8,SUBIR
1,2,1,1,4.23,7,MANTENER
5,5,5,0,8.11,7,MANTENER
2,3,2,1,6.4,7,MANTENER
3,4,4,0,5.3,7,SUBIR
4,5,5,0,7.71,8,SUBIR
3,4,4,0,6.49,8,SUBIR
5,5,4,1,9.87,7,BAJAR
2,3,2,1,5.74,6,MANTENER
4,5,4,1,9.37,5,MANTENER
4,5,5,0,7.99,6,SUBIR
4,5,5,0,6.24,6,SUBIR
1,2,2,0,2.15,6,SUBIR
5,5,4,1,10.11,5,BAJAR
4,5,4,1,9.95,4,MANTENER
2,3,2,1,5.44,4,MANTENER
4,5,5,0,8.24,4,SUBIR
4,5,4,1,11.26,3,BAJAR
5,5,5,0,9.12,3,MANTENER
1,2,2,0,4.19,3,MANTENER
4,5,5,0,7.79,3,SUBIR
4,5,4,1,10.2,2,MANTENER
4,5,5,0,9.09,2,SUBIR
4,5,5,0,7.54,2,SUBIR
4,5,4,1,11.7,1,BAJAR
4,5,4,1,10.45,1,MANTENER
1,2,2,0,3.43,2,SUBIR
5,5,5,0,6.91,2,MANTENER
1,2,2,0,4.21,2,MANTENER
1,2,1,1,6.93,2,MANTENER
5,5,4,1,9.41,1,BAJAR
5,5,4,1,11.17,1,BAJAR
2,3,3,0,5.07,1,SUBIR
4,5,5,0,7.66,2,SUBIR
5,5,5,0,8.19,2,MANTENER
1,2,2,0,3.79,2,SUBIR
5,5,4,1,12.3,1,BAJAR
2,3,3,0,4.91,1,SUBIR
3,4,4,0,7.35,2,SUBIR
4,5,5,0,6.67,2,SUBIR
3,4,4,0,6.68,2,SUBIR
3,4,3,1,6.25,2,MANTENER
4,5,5,0,9.19,3,SUBIR
2,3,3,0,4.41,3,SUBIR
2,3,3,0,5.35,4,SUBIR
4,5,5,0,8.33,5,SUBIR
2,3,2,1,7.78,5,BAJAR
4,5,4,1,8.97,4,MANTENER
3,4,3,1,6.97,3,MANTENER
5,5,5,0,6.64,4,MANTENER
1,2,2,0,3.24,4,SUBIR
1,2,2,0,3.48,4,SUBIR
4,5,5,0,8.58,5,SUBIR
1,2,2,0,2.99,6,SUBIR
4,5,5,0,7.11,7,SUBIR
4,5,5,0,8.65,8,SUBIR
1,2,1,1,5.79,7,MANTENER
4,5,5,0,6.71,7,SUBIR
3,4,4,0,5.91,8,SUBIR
5,5,5,0,7.94,8,MANTENER
4,5,4,1,8.48,7,MANTENER
3,4,4,0,7.48,8,SUBIR
3,4,4,0,6.27,8,SUBIR
5,5,5,0,6.5,8,MANTENER
1,2,2,0,4.04,8,MANTENER
3,4,3,1,9.19,8,BAJAR
3,4,4,0,4.52,8,SUBIR
2,3,2,1,5.97,7,MANTENER
1,2,2,0,3.05,7,SUBIR
4,5,5,0,6.4,7,SUBIR
1,2,2,0,4.42,7,MANTENER
5,5,4,1,11.83,7,BAJAR
3,4,4,0,5.3,7,SUBIR
2,3,3,0,3.17,8,SUBIR
2,3,3,0,3.73,8,SUBIR
1,2,2,0,3.27,8,SUBIR
3,4,3,1,7.6,8,MANTENER
1,2,1,1,4.89,8,MANTENER
1,2,2,0,3.78,8,SUBIR
3,4,4,0,5.55,8,SUBIR
4,5,4,1,8.5,7,MANTENER
2,3,2,1,7.44,6,BAJAR
2,3,3,0,4.8,6,SUBIR
5,5,4,1,10.4,5,BAJAR
1,2,1,1,5.46,4,MANTENER
3,4,4,0,6.8,5,SUBIR
3,4,3,1,8.7,4,BAJAR
4,5,4,1,9.94,3,MANTENER
4,5,4,1,9.01,2,MANTENER
5,5,5,0,10.93,2,MANTENER
3,4,3,1,9.47,2,BAJAR
5,5,5,0,9.85,2,MANTENER
1,2,1,1,5.94,1,MANTENER
3,4,3,1,7.08,0,MANTENER
4,5,5,0,9.14,0,MANTENER
1,2,1,1,5.03,0,MANTENER
3,4,4,0,6.81,0,MANTENER
5,5,4,1,11.61,-1,BAJAR
2,3,3,0,3.04,0,SUBIR
4,5,5,0,8.06,1,MANTENER
5,5,4,1,11.28,0,BAJAR
1,2,2,0,3.25,1,SUBIR
2,3,3,0,4.75,2,SUBIR
4,5,5,0,8.11,2,SUBIR
2,3,3,0,5.44,3,SUBIR
5,5,5,0,10.69,3,MANTENER
3,4,3,1,8.27,3,MANTENER
4,5,5,0,8.42,3,SUBIR
4,5,5,0,6.21,3,SUBIR
1,2,2,0,2.92,4,SUBIR
1,2,1,1,5.56,4,MANTENER
3,4,4,0,5.16,4,SUBIR
4,5,4,1,8.84,3,MANTENER
4,5,4,1,8.03,3,MANTENER
5,5,4,1,11.88,2,BAJAR
3,4,3,1,9.4,2,BAJAR
3,4,4,0,5.09,2,SUBIR
1,2,2,0,3.56,3,SUBIR
2,3,3,0,4.83,4,SUBIR
2,3,3,0,4.54,4,SUBIR
4,5,4,1,9.09,3,MANTENER
4,5,5,0,9.01,3,SUBIR
3,4,3,1,8.59,2,BAJAR
1,2,2,0,3.32,2,SUBIR
5,5,5,0,10.16,3,MANTENER
2,3,3,0,4.04,3,SUBIR
3,4,4,0,4.88,4,SUBIR
1,2,1,1,6.33,3,MANTENER
5,5,4,1,10.49,3,BAJAR
5,5,4,1,11.56,3,BAJAR
1,2,2,0,3.31,4,SUBIR
3,4,3,1,7.76,4,MANTENER
2,3,3,0,3.76,5,SUBIR
5,5,4,1,12.74,5,BAJAR
3,4,4,0,6.18,6,SUBIR
3,4,4,0,7.36,7,SUBIR
1,2,2,0,3.43,7,SUBIR
2,3,3,0,3.05,8,SUBIR
1,2,2,0,3.41,8,SUBIR
5,5,5,0,10.45,8,MANTENER
4,5,4,1,10.43,7,MANTENER
2,3,2,1,8.38,6,BAJAR
2,3,2,1,7.28,6,BAJAR
1,2,2,0,4.45,7,MANTENER
1,2,2,0,4.11,7,MANTENER
2,3,3,0,5.11,8,SUBIR
1,2,1,1,5.65,8,MANTENER
4,5,5,0,8.79,8,SUBIR
2,3,3,0,3.77,8,SUBIR
5,5,4,1,11.93,8,BAJAR
5,5,4,1,8.66,8,BAJAR
3,4,4,0,5.79,8,SUBIR
1,2,2,0,2.66,8,SUBIR
4,5,4,1,10.08,8,MANTENER
5,5,4,1,9.63,8,BAJAR
4,5,4,1,10.44,7,MANTENER
3,4,4,0,4.95,7,SUBIR
4,5,5,0,9.26,8,SUBIR
4,5,5,0,6.75,8,SUBIR
2,3,3,0,4.05,8,SUBIR
4,5,4,1,10.0,8,MANTENER
4,5,4,1,7.83,7,MANTENER
4,5,5,0,8.34,7,SUBIR
4,5,5,0,9.41,7,SUBIR
3,4,3,1,9.0,7,BAJAR
1,2,1,1,4.31,7,MANTENER
1,2,2,0,3.09,8,SUBIR
2,3,3,0,3.05,8,SUBIR
5,5,4,1,10.64,7,BAJAR
2,3,3,0,3.82,8,SUBIR
2,3,3,0,3.44,8,SUBIR
4,5,5,0,6.72,8,SUBIR
3,4,3,1,7.94,7,MANTENER
4,5,5,0,6.87,8,SUBIR
2,3,2,1,6.07,8,MANTENER
3,4,3,1,7.35,7,MANTENER
1,2,1,1,6.29,7,MANTENER
3,4,3,1,6.38,7,MANTENER
1,2,2,0,2.56,7,SUBIR
2,3,3,0,4.9,8,SUBIR
5,5,4,1,12.96,8,BAJAR
1,2,2,0,2.87,8,SUBIR
2,3,3,0,4.53,8,SUBIR
1,2,2,0,3.07,8,SUBIR
1,2,2,0,3.84,8,SUBIR
5,5,5,0,7.99,8,MANTENER
3,4,4,0,5.73,8,SUBIR
1,2,2,0,2.4,8,SUBIR
4,5,5,0,7.26,8,SUBIR
3,4,4,0,6.53,8,SUBIR
4,5,4,1,9.0,8,MANTENER
3,4,3,1,9.94,7,BAJAR
3,4,4,0,7.04,7,SUBIR
4,5,5,0,6.76,7,SUBIR
1,2,2,0,3.56,7,SUBIR
3,4,3,1,6.09,6,MANTENER
4,5,5,0,8.57,7,SUBIR
4,5,4,1,10.14,7,MANTENER
1,2,2,0,2.02,8,SUBIR
4,5,4,1,8.4,8,MANTENER
4,5,5,0,7.57,8,SUBIR
4,5,4,1,8.6,7,MANTENER
3,4,3,1,6.57,7,MANTENER
2,3,2,1,7.2,7,BAJAR
3,4,4,0,5.37,8,SUBIR
4,5,5,0,7.39,8,SUBIR
3,4,3,1,7.42,8,MANTENER
1,2,1,1,3.98,8,MANTENER
2,3,2,1,5.33,8,MANTENER
4,5,4,1,10.55,8,BAJAR
1,2,1,1,4.22,8,MANTENER
2,3,3,0,4.43,8,SUBIR
5,5,4,1,12.24,7,BAJAR
1,2,2,0,2.58,8,SUBIR
3,4,4,0,4.73,8,SUBIR
4,5,5,0,6.59,8,SUBIR
5,5,5,0,9.81,8,MANTENER
5,5,4,1,11.23,7,BAJAR
4,5,5,0,8.28,7,SUBIR
4,5,5,0,8.48,8,SUBIR
2,3,3,0,4.22,8,SUBIR
4,5,4,1,9.5,8,MANTENER
1,2,2,0,2.72,8,SUBIR
4,5,5,0,8.18,8,SUBIR
4,5,5,0,8.39,8,SUBIR
3,4,3,1,8.44,7,MANTENER
3,4,3,1,9.04,7,BAJAR
5,5,4,1,9.24,7,BAJAR
3,4,4,0,6.49,8,SUBIR
4,5,5,0,9.46,8,SUBIR
3,4,4,0,6.93,8,SUBIR
3,4,3,1,8.88,8,BAJAR
4,5,4,1,9.04,8,MANTENER
2,3,3,0,3.16,8,SUBIR
2,3,3,0,5.34,8,SUBIR
1,2,2,0,3.14,8,SUBIR
5,5,5,0,7.54,8,MANTENER
1,2,2,0,4.18,8,MANTENER
1,2,1,1,6.33,8,MANTENER
1,2,2,0,3.12,8,SUBIR
5,5,5,0,7.94,8,MANTENER
2,3,3,0,4.26,8,SUBIR
5,5,4,1,9.29,8,BAJAR
3,4,4,0,4.68,8,SUBIR
5,5,4,1,9.61,8,BAJAR
2,3,3,0,3.29,8,SUBIR
3,4,4,0,5.86,8,SUBIR
1,2,2,0,3.81,8,SUBIR
5,5,5,0,8.7,8,MANTENER
2,3,2,1,6.48,7,MANTENER
1,2,2,0,2.93,8,SUBIR
2,3,3,0,4.35,8,SUBIR
1,2,1,1,6.01,8,MANTENER
3,4,3,1,7.35,7,MANTENER
1,2,2,0,2.75,8,SUBIR
3,4,3,1,9.26,7,BAJAR
3,4,3,1,7.18,6,MANTENER
5,5,5,0,10.17,7,MANTENER
1,2,1,1,5.14,6,MANTENER
1,2,1,1,6.59,5,MANTENER
5,5,4,1,12.55,4,BAJAR
3,4,4,0,4.58,5,SUBIR
4,5,5,0,9.07,6,SUBIR
4,5,5,0,6.89,6,SUBIR
1,2,2,0,4.04,7,MANTENER
5,5,4,1,8.37,7,BAJAR
3,4,4,0,5.67,8,SUBIR
3,4,4,0,4.72,8,SUBIR
4,5,4,1,8.58,8,MANTENER
2,3,3,0,3.04,8,SUBIR
3,4,3,1,7.75,7,MANTENER
5,5,4,1,11.8,6,BAJAR
1,2,2,0,2.94,7,SUBIR
4,5,5,0,7.62,7,SUBIR
2,3,3,0,3.45,7,SUBIR
5,5,4,1,9.28,6,BAJAR
5,5,4,1,10.86,5,BAJAR
5,5,4,1,8.8,4,BAJAR
2,3,3,0,4.25,4,SUBIR
3,4,3,1,8.96,3,BAJAR
2,3,3,0,4.07,3,SUBIR
5,5,4,1,9.25,2,BAJAR
5,5,4,1,11.12,2,BAJAR
3,4,3,1,8.63,1,BAJAR
2,3,3,0,3.08,2,SUBIR
2,3,3,0,5.16,2,SUBIR
2,3,3,0,4.74,3,SUBIR
1,2,2,0,3.7,4,SUBIR
2,3,3,0,4.27,4,SUBIR
3,4,4,0,7.49,4,SUBIR
5,5,4,1,9.66,3,BAJAR
3,4,3,1,8.88,2,BAJAR
4,5,4,1,10.38,2,MANTENER
4,5,4,1,10.47,2,MANTENER
1,2,2,0,3.21,3,SUBIR
1,2,2,0,3.46,4,SUBIR
2,3,3,0,3.86,5,SUBIR
3,4,3,1,8.54,4,BAJAR
5,5,4,1,13.82,4,BAJAR
1,2,2,0,3.99,4,SUBIR
4,5,5,0,7.34,4,SUBIR
5,5,4,1,10.16,3,BAJAR
5,5,5,0,10.39,3,MANTENER
4,5,4,1,7.92,2,MANTENER
5,5,5,0,6.8,2,MANTENER
4,5,4,1,8.09,2,MANTENER
1,2,2,0,4.4,2,MANTENER
5,5,4,1,11.16,2,BAJAR
2,3,2,1,7.0,2,BAJAR
3,4,4,0,6.04,3,SUBIR
4,5,5,0,7.13,4,SUBIR
3,4,4,0,7.03,5,SUBIR
4,5,4,1,7.7,4,MANTENER
4,5,4,1,9.48,4,MANTENER
4,5,5,0,7.67,5,SUBIR
2,3,2,1,6.43,4,MANTENER
4,5,4,1,9.59,3,MANTENER
5,5,5,0,6.77,4,MANTENER
5,5,4,1,11.17,4,BAJAR
5,5,4,1,9.2,3,BAJAR
5,5,4,1,11.53,3,BAJAR
2,3,3,0,3.01,3,SUBIR
4,5,4,1,8.18,3,MANTENER
2,3,3,0,4.59,3,SUBIR
5,5,5,0,8.67,3,MANTENER
5,5,4,1,9.96,3,BAJAR
1,2,2,0,4.34,4,MANTENER
3,4,4,0,5.94,4,SUBIR
4,5,5,0,8.36,5,SUBIR
2,3,2,1,6.65,4,BAJAR
2,3,3,0,5.09,4,SUBIR
5,5,5,0,7.59,4,MANTENER
1,2,2,0,2.21,5,SUBIR
2,3,3,0,4.48,6,SUBIR
3,4,4,0,6.69,7,SUBIR
2,3,3,0,3.92,7,SUBIR
4,5,5,0,6.0,7,SUBIR
1,2,2,0,3.22,7,SUBIR
4,5,4,1,8.27,7,MANTENER
4,5,5,0,7.47,8,SUBIR
3,4,4,0,5.71,8,SUBIR
2,3,3,0,3.74,8,SUBIR
5,5,4,1,12.99,8,BAJAR
1,2,1,1,6.72,7,MANTENER
2,3,2,1,6.26,7,MANTENER
1,2,2,0,2.18,8,SUBIR
3,4,3,1,8.55,7,BAJAR
4,5,4,1,8.96,6,MANTENER
1,2,2,0,3.85,6,SUBIR
2,3,3,0,3.83,6,SUBIR
5,5,4,1,9.18,6,BAJAR
1,2,2,0,3.37,7,SUBIR
3,4,4,0,4.95,8,SUBIR
1,2,2,0,3.06,8,SUBIR
3,4,4,0,6.94,8,SUBIR
3,4,3,1,6.84,8,MANTENER
3,4,4,0,6.9,8,SUBIR
4,5,4,1,7.93,7,MANTENER
4,5,5,0,8.57,8,SUBIR
2,3,2,1,5.64,7,MANTENER
2,3,2,1,5.58,6,MANTENER
4,5,5,0,6.47,7,SUBIR
1,2,1,1,5.31,7,MANTENER
1,2,1,1,5.0,7,MANTENER
2,3,3,0,4.18,7,SUBIR
1,2,1,1,4.21,7,MANTENER
5,5,4,1,7.62,7,BAJAR
5,5,4,1,12.63,6,BAJAR
2,3,3,0,5.15,7,SUBIR
1,2,2,0,4.08,8,MANTENER
4,5,5,0,7.26,8,SUBIR
3,4,3,1,7.98,8,MANTENER
5,5,4,1,11.96,7,BAJAR
1,2,2,0,3.59,7,SUBIR
1,2,2,0,4.0,7,SUBIR
3,4,4,0,5.12,7,SUBIR
1,2,2,0,4.21,8,MANTENER
5,5,4,1,10.86,7,BAJAR
2,3,2,1,5.83,6,MANTENER
4,5,4,1,9.41,6,MANTENER
3,4,4,0,6.22,6,SUBIR
2,3,3,0,4.25,6,SUBIR
5,5,5,0,7.55,6,MANTENER
1,2,1,1,5.36,5,MANTENER
2,3,2,1,7.0,5,BAJAR
5,5,5,0,9.14,6,MANTENER
3,4,4,0,5.57,6,SUBIR
1,2,1,1,5.02,5,MANTENER
1,2,2,0,3.96,6,SUBIR
1,2,2,0,3.89,6,SUBIR
1,2,2,0,4.43,7,MANTENER
3,4,4,0,7.37,8,SUBIR
2,3,2,1,8.16,7,BAJAR
1,2,2,0,3.57,8,SUBIR
5,5,5,0,8.0,8,MANTENER
1,2,2,0,3.27,8,SUBIR
1,2,2,0,2.79,8,SUBIR
5,5,4,1,11.14,8,BAJAR
3,4,4,0,4.66,8,SUBIR
4,5,4,1,7.67,7,MANTENER
4,5,5,0,7.24,8,SUBIR
1,2,2,0,2.15,8,SUBIR
3,4,4,0,6.57,8,SUBIR
2,3,3,0,4.26,8,SUBIR
2,3,2,1,5.64,8,MANTENER
3,4,3,1,7.29,7,MANTENER
5,5,4,1,9.16,7,BAJAR
4,5,4,1,7.3,6,MANTENER
4,5,5,0,7.59,7,SUBIR
3,4,4,0,5.47,8,SUBIR
5,5,4,1,9.42,7,BAJAR
5,5,5,0,10.63,8,MANTENER
2,3,3,0,4.2,8,SUBIR
4,5,4,1,9.35,7,MANTENER
4,5,4,1,9.71,7,MANTENER
2,3,3,0,4.88,7,SUBIR
5,5,5,0,7.73,7,MANTENER
2,3,3,0,4.34,7,SUBIR
4,5,4,1,9.69,7,MANTENER
4,5,5,0,8.47,8,SUBIR
4,5,5,0,8.23,8,SUBIR
3,4,4,0,5.5,8,SUBIR
5,5,4,1,12.55,7,BAJAR
2,3,3,0,4.62,8,SUBIR
2,3,3,0,4.06,8,SUBIR
2,3,2,1,6.59,8,BAJAR
3,4,3,1,9.37,7,BAJAR
2,3,3,0,3.99,8,SUBIR
4,5,4,1,10.17,8,MANTENER
3,4,4,0,6.59,8,SUBIR
3,4,4,0,5.08,8,SUBIR
2,3,3,0,4.1,8,SUBIR
3,4,4,0,7.39,8,SUBIR
5,5,4,1,9.65,7,BAJAR
2,3,2,1,8.0,7,BAJAR
1,2,2,0,3.29,8,SUBIR
2,3,2,1,5.62,8,MANTENER
4,5,5,0,7.68,8,SUBIR
3,4,3,1,7.22,7,MANTENER
1,2,2,0,3.8,7,SUBIR
1,2,2,0,2.84,8,SUBIR
5,5,4,1,12.65,8,BAJAR
1,2,2,0,3.96,8,SUBIR
5,5,4,1,11.67,7,BAJAR
1,2,2,0,3.48,8,SUBIR
1,2,2,0,2.14,8,SUBIR
5,5,5,0,7.41,8,MANTENER
4,5,4,1,8.45,8,MANTENER
4,5,4,1,9.84,8,MANTENER
2,3,2,1,6.59,7,BAJAR
3,4,3,1,9.82,7,BAJAR
2,3,3,0,4.65,8,SUBIR
5,5,4,1,12.41,8,BAJAR
2,3,3,0,3.24,8,SUBIR
2,3,3,0,3.6,8,SUBIR
1,2,1,1,4.65,7,MANTENER
3,4,4,0,7.31,8,SUBIR
3,4,3,1,7.6,7,MANTENER
5,5,4,1,10.05,6,BAJAR
2,3,3,0,4.88,7,SUBIR
3,4,4,0,7.04,8,SUBIR
3,4,4,0,6.18,8,SUBIR
3,4,4,0,6.51,8,SUBIR
5,5,5,0,8.41,8,MANTENER
4,5,4,1,9.32,7,MANTENER
3,4,4,0,7.3,8,SUBIR
5,5,5,0,9.15,8,MANTENER
1,2,2,0,3.1,8,SUBIR
4,5,4,1,10.37,7,MANTENER
2,3,3,0,3.86,7,SUBIR
2,3,3,0,4.04,8,SUBIR
5,5,4,1,9.21,7,BAJAR
4,5,5,0,8.5,8,SUBIR
3,4,4,0,7.28,8,SUBIR
2,3,3,0,4.74,8,SUBIR
5,5,5,0,7.96,8,MANTENER
3,4,3,1,8.15,7,MANTENER
5,5,4,1,11.02,7,BAJAR
2,3,3,0,4.3,8,SUBIR
4,5,4,1,9.68,7,MANTENER
3,4,4,0,5.88,7,SUBIR
3,4,3,1,8.72,6,BAJAR
2,3,2,1,7.82,5,BAJAR
1,2,2,0,2.61,5,SUBIR
2,3,2,1,6.18,4,MANTENER
2,3,2,1,6.3,3,MANTENER
5,5,5,0,10.73,4,MANTENER
4,5,5,0,6.75,4,SUBIR
3,4,3,1,9.78,3,BAJAR
1,2,2,0,2.33,4,SUBIR
5,5,4,1,9.11,3,BAJAR
4,5,5,0,7.02,3,SUBIR
3,4,3,1,6.28,3,MANTENER
3,4,3,1,6.96,3,MANTENER
3,4,4,0,7.37,3,SUBIR
5,5,5,0,9.07,3,MANTENER
1,2,2,0,4.03,3,MANTENER
4,5,5,0,8.32,3,SUBIR
4,5,4,1,9.99,2,MANTENER
2,3,3,0,3.5,3,SUBIR
5,5,5,0,8.57,4,MANTENER
4,5,5,0,9.22,5,SUBIR
4,5,4,1,9.61,4,MANTENER
5,5,5,0,9.88,4,MANTENER
1,2,2,0,2.97,4,SUBIR
3,4,3,1,5.62,3,MANTENER
3,4,4,0,5.88,3,SUBIR
5,5,4,1,10.84,3,BAJAR
5,5,5,0,8.99,4,MANTENER
1,2,1,1,5.61,4,MANTENER
2,3,3,0,5.13,5,SUBIR
5,5,4,1,8.82,5,BAJAR
5,5,5,0,6.76,5,MANTENER
3,4,3,1,7.93,5,MANTENER
1,2,2,0,4.42,6,MANTENER
2,3,3,0,3.61,6,SUBIR
1,2,2,0,2.8,7,SUBIR
5,5,4,1,8.22,6,BAJAR
4,5,5,0,9.32,7,SUBIR
1,2,2,0,4.19,8,MANTENER
4,5,5,0,7.33,8,SUBIR
1,2,2,0,2.43,8,SUBIR
1,2,2,0,3.24,8,SUBIR
1,2,2,0,3.35,8,SUBIR
1,2,2,0,3.14,8,SUBIR
3,4,4,0,6.35,8,SUBIR
5,5,5,0,8.46,8,MANTENER
1,2,2,0,3.02,8,SUBIR
2,3,3,0,5.25,8,SUBIR
3,4,3,1,6.3,7,MANTENER
1,2,2,0,2.93,7,SUBIR
4,5,4,1,8.95,6,MANTENER
3,4,4,0,5.64,6,SUBIR
1,2,2,0,3.28,6,SUBIR
5,5,4,1,11.93,5,BAJAR
3,4,4,0,4.73,5,SUBIR
1,2,2,0,2.63,5,SUBIR
2,3,3,0,4.47,5,SUBIR
4,5,4,1,11.82,5,BAJAR
2,3,3,0,5.26,5,SUBIR
3,4,4,0,5.93,6,SUBIR
4,5,5,0,7.44,7,SUBIR
5,5,4,1,11.31,7,BAJAR
4,5,5,0,9.44,7,SUBIR
4,5,5,0,8.87,7,SUBIR
3,4,3,1,7.21,6,MANTENER
1,2,1,1,6.64,6,MANTENER
1,2,2,0,2.56,7,SUBIR
5,5,5,0,7.42,7,MANTENER
3,4,4,0,6.71,8,SUBIR
3,4,4,0,4.93,8,SUBIR
4,5,5,0,9.14,8,SUBIR
2,3,3,0,4.85,8,SUBIR
1,2,2,0,2.44,8,SUBIR
3,4,3,1,7.98,8,MANTENER
1,2,2,0,2.72,8,SUBIR
1,2,1,1,5.45,8,MANTENER
2,3,2,1,7.84,7,BAJAR
5,5,5,0,7.19,7,MANTENER
2,3,3,0,4.2,8,SUBIR
3,4,3,1,8.28,7,MANTENER
3,4,3,1,8.67,7,BAJAR
1,2,2,0,3.39,8,SUBIR
5,5,5,0,8.26,8,MANTENER
1,2,2,0,3.16,8,SUBIR
5,5,5,0,10.99,8,MANTENER
2,3,2,1,6.09,7,MANTENER
4,5,4,1,9.57,6,MANTENER
1,2,2,0,2.44,6,SUBIR
4,5,5,0,7.57,7,SUBIR
4,5,5,0,6.25,7,SUBIR
2,3,2,1,5.81,6,MANTENER
1,2,2,0,2.86,7,SUBIR
3,4,4,0,6.54,8,SUBIR
1,2,2,0,3.11,8,SUBIR
4,5,4,1,9.16,8,MANTENER
3,4,4,0,5.45,8,SUBIR
5,5,4,1,10.81,7,BAJAR
3,4,3,1,9.03,6,BAJAR
1,2,2,0,3.48,6,SUBIR
2,3,2,1,6.07,6,MANTENER
5,5,5,0,8.92,6,MANTENER
1,2,2,0,3.09,7,SUBIR
5,5,5,0,6.58,7,MANTENER
4,5,5,0,8.69,8,SUBIR
4,5,5,0,7.56,8,SUBIR
1,2,2,0,2.03,8,SUBIR
1,2,1,1,5.46,8,MANTENER
1,2,2,0,2.58,8,SUBIR
2,3,3,0,3.69,8,SUBIR
3,4,3,1,7.79,7,MANTENER
4,5,4,1,10.67,7,BAJAR
5,5,4,1,11.18,6,BAJAR
2,3,3,0,3.61,7,SUBIR
1,2,2,0,3.36,7,SUBIR
4,5,5,0,6.36,7,SUBIR
5,5,4,1,13.44,6,BAJAR
4,5,5,0,6.66,7,SUBIR
3,4,4,0,4.52,8,SUBIR
4,5,5,0,9.07,8,SUBIR
3,4,4,0,4.55,8,SUBIR
5,5,5,0,9.2,8,MANTENER
1,2,2,0,3.34,8,SUBIR
3,4,4,0,5.15,8,SUBIR
1,2,2,0,3.89,8,SUBIR
5,5,4,1,11.74,7,BAJAR
5,5,4,1,10.68,7,BAJAR
3,4,4,0,4.68,8,SUBIR
5,5,5,0,8.88,8,MANTENER
4,5,4,1,7.46,7,MANTENER
5,5,4,1,8.32,7,BAJAR
5,5,4,1,10.06,6,BAJAR
1,2,2,0,2.46,7,SUBIR
2,3,2,1,6.52,7,BAJAR
4,5,4,1,11.7,7,BAJAR
3,4,4,0,5.49,8,SUBIR
2,3,3,0,4.59,8,SUBIR
3,4,4,0,6.76,8,SUBIR
1,2,2,0,3.66,8,SUBIR
1,2,2,0,2.25,8,SUBIR
2,3,3,0,4.7,8,SUBIR
5,5,4,1,11.94,8,BAJAR
5,5,4,1,10.69,8,BAJAR
5,5,4,1,12.98,7,BAJAR
3,4,3,1,10.05,6,BAJAR
2,3,2,1,6.54,5,BAJAR
2,3,2,1,5.03,4,MANTENER
3,4,4,0,7.05,4,SUBIR
2,3,3,0,3.59,5,SUBIR
5,5,4,1,12.61,4,BAJAR
4,5,5,0,7.74,4,SUBIR
5,5,4,1,11.34,4,BAJAR
2,3,3,0,4.74,4,SUBIR
5,5,4,1,9.73,3,BAJAR
4,5,4,1,10.78,2,BAJAR
2,3,3,0,5.32,3,SUBIR
5,5,5,0,10.02,3,MANTENER
3,4,4,0,5.62,4,SUBIR
4,5,4,1,10.19,4,MANTENER
5,5,5,0,8.85,5,MANTENER
2,3,3,0,3.46,6,SUBIR
1,2,2,0,3.86,6,SUBIR
1,2,2,0,3.55,6,SUBIR
1,2,2,0,2.06,7,SUBIR
4,5,5,0,6.81,8,SUBIR
3,4,4,0,6.54,8,SUBIR
4,5,5,0,7.72,8,SUBIR
1,2,1,1,5.64,7,MANTENER
5,5,4,1,8.8,7,BAJAR
5,5,5,0,6.68,8,MANTENER
4,5,5,0,8.51,8,SUBIR
5,5,4,1,10.33,8,BAJAR
2,3,3,0,3.34,8,SUBIR
1,2,2,0,2.97,8,SUBIR
1,2,2,0,3.83,8,SUBIR
1,2,2,0,2.2,8,SUBIR
2,3,3,0,3.38,8,SUBIR
4,5,5,0,6.51,8,SUBIR
1,2,2,0,2.61,8,SUBIR
5,5,4,1,8.39,8,BAJAR
2,3,3,0,4.93,8,SUBIR
1,2,2,0,3.74,8,SUBIR
2,3,2,1,5.11,8,MANTENER
2,3,2,1,7.22,8,BAJAR
4,5,4,1,8.58,7,MANTENER
2,3,3,0,3.67,8,SUBIR
4,5,4,1,10.85,7,BAJAR
4,5,5,0,7.66,7,SUBIR
3,4,4,0,6.35,7,SUBIR
1,2,2,0,4.46,8,MANTENER
5,5,4,1,8.73,7,BAJAR
5,5,5,0,9.34,7,MANTENER
1,2,2,0,2.04,7,SUBIR
2,3,3,0,4.81,7,SUBIR
1,2,1,1,5.6,6,MANTENER
5,5,5,0,6.71,7,MANTENER
5,5,5,0,9.17,8,MANTENER
5,5,4,1,12.14,7,BAJAR
4,5,5,0,7.24,8,SUBIR
3,4,3,1,10.25,7,BAJAR
5,5,5,0,9.46,7,MANTENER
2,3,3,0,3.0,7,SUBIR
2,3,3,0,4.54,8,SUBIR
4,5,4,1,9.09,7,MANTENER
3,4,3,1,8.12,7,MANTENER
5,5,5,0,9.75,7,MANTENER
2,3,3,0,4.98,8,SUBIR
1,2,2,0,2.26,8,SUBIR
3,4,3,1,8.26,7,MANTENER
3,4,4,0,5.0,7,SUBIR
3,4,4,0,6.89,8,SUBIR
4,5,5,0,6.01,8,SUBIR
2,3,3,0,5.12,8,SUBIR
4,5,4,1,8.38,8,MANTENER
5,5,5,0,8.02,8,MANTENER
5,5,4,1,12.54,8,BAJAR
2,3,3,0,3.97,8,SUBIR
2,3,3,0,3.63,8,SUBIR
2,3,2,1,6.34,7,MANTENER
1,2,1,1,5.2,7,MANTENER
1,2,2,0,2.16,7,SUBIR
1,2,2,0,3.01,8,SUBIR
3,4,4,0,7.3,8,SUBIR
2,3,3,0,4.32,8,SUBIR
2,3,2,1,7.99,7,BAJAR
1,2,2,0,2.0,7,SUBIR
5,5,4,1,12.25,7,BAJAR
3,4,4,0,6.81,8,SUBIR
4,5,4,1,10.8,7,BAJAR
5,5,5,0,9.64,8,MANTENER
4,5,4,1,9.39,8,MANTENER
1,2,2,0,2.23,8,SUBIR
2,3,3,0,4.48,8,SUBIR
4,5,4,1,8.53,8,MANTENER
1,2,2,0,2.14,8,SUBIR
4,5,4,1,9.19,8,MANTENER
2,3,3,0,3.32,8,SUBIR
1,2,1,1,6.8,8,MANTENER
5,5,4,1,9.5,7,BAJAR
5,5,5,0,9.84,7,MANTENER
4,5,4,1,10.59,6,BAJAR
1,2,2,0,3.82,6,SUBIR
5,5,4,1,10.93,5,BAJAR
4,5,4,1,10.52,4,BAJAR
3,4,4,0,5.75,4,SUBIR
5,5,4,1,11.17,4,BAJAR
1,2,1,1,5.1,3,MANTENER
2,3,3,0,5.17,3,SUBIR
2,3,2,1,7.08,3,BAJAR
4,5,4,1,10.66,3,BAJAR
3,4,3,1,6.46,3,MANTENER
4,5,5,0,8.95,3,SUBIR
2,3,3,0,3.51,4,SUBIR
2,3,2,1,6.61,4,BAJAR
3,4,4,0,5.08,5,SUBIR
5,5,4,1,11.84,4,BAJAR
2,3,3,0,4.63,4,SUBIR
5,5,4,1,9.93,4,BAJAR
1,2,2,0,2.33,5,SUBIR
3,4,3,1,8.28,4,MANTENER
2,3,2,1,4.9,4,MANTENER
5,5,5,0,7.64,5,MANTENER
5,5,4,1,8.85,5,BAJAR
1,2,1,1,4.34,5,MANTENER
5,5,4,1,10.14,4,BAJAR
1,2,1,1,4.62,4,MANTENER
2,3,3,0,5.43,4,SUBIR
4,5,4,1,11.24,3,BAJAR
3,4,3,1,7.05,3,MANTENER
3,4,3,1,6.91,2,MANTENER
5,5,4,1,8.69,1,BAJAR
4,5,4,1,10.23,0,MANTENER
5,5,5,0,9.31,0,MANTENER
2,3,3,0,5.26,0,SUBIR
1,2,2,0,2.54,0,SUBIR
4,5,4,1,10.28,-1,MANTENER
5,5,4,1,12.0,-2,BAJAR
2,3,2,1,6.32,-2,MANTENER
3,4,4,0,7.17,-1,MANTENER
3,4,4,0,5.64,-1,MANTENER
3,4,4,0,6.01,-1,MANTENER
2,3,2,1,4.86,-1,MANTENER
2,3,3,0,5.35,0,SUBIR
5,5,4,1,8.69,-1,BAJAR
1,2,2,0,4.05,-1,MANTENER
5,5,5,0,8.35,-1,MANTENER
1,2,2,0,4.05,0,MANTENER
2,3,2,1,4.19,0,MANTENER
2,3,2,1,6.42,-1,MANTENER
1,2,1,1,4.89,-1,MANTENER
1,2,2,0,2.34,0,SUBIR
1,2,1,1,4.5,0,MANTENER
2,3,3,0,4.38,0,SUBIR
1,2,2,0,2.4,0,SUBIR
4,5,5,0,9.49,0,MANTENER
4,5,5,0,7.5,1,MANTENER
1,2,2,0,3.21,2,SUBIR
5,5,5,0,10.95,2,MANTENER
4,5,5,0,8.16,2,SUBIR
3,4,3,1,8.49,2,MANTENER
3,4,3,1,6.46,1,MANTENER
3,4,4,0,4.5,2,SUBIR
3,4,3,1,7.57,1,MANTENER
4,5,5,0,7.81,1,MANTENER
3,4,3,1,9.29,1,BAJAR
2,3,3,0,4.86,2,SUBIR
3,4,3,1,7.14,1,MANTENER
5,5,4,1,9.55,1,BAJAR
2,3,3,0,4.7,2,SUBIR
2,3,2,1,4.51,2,MANTENER
1,2,2,0,2.21,2,SUBIR
1,2,1,1,4.91,1,MANTENER
4,5,5,0,6.97,2,SUBIR
4,5,5,0,9.24,2,SUBIR
5,5,5,0,8.6,2,MANTENER
5,5,5,0,10.97,3,MANTENER
3,4,4,0,6.5,4,SUBIR
1,2,2,0,4.19,4,MANTENER
2,3,2,1,6.56,4,BAJAR
3,4,4,0,7.25,4,SUBIR
5,5,4,1,9.66,3,BAJAR
5,5,5,0,10.51,4,MANTENER
1,2,2,0,3.3,4,SUBIR
3,4,4,0,6.35,4,SUBIR
5,5,4,1,11.07,4,BAJAR
3,4,4,0,4.9,4,SUBIR
4,5,4,1,9.15,4,MANTENER
3,4,4,0,6.52,5,SUBIR
1,2,2,0,3.08,5,SUBIR
2,3,2,1,5.83,5,MANTENER
1,2,1,1,6.09,4,MANTENER
1,2,2,0,2.98,4,SUBIR
2,3,3,0,5.28,4,SUBIR
2,3,3,0,5.24,5,SUBIR
1,2,2,0,4.31,5,MANTENER
2,3,3,0,5.28,6,SUBIR
5,5,4,1,10.01,5,BAJAR
3,4,4,0,6.17,6,SUBIR
4,5,5,0,9.02,6,SUBIR
2,3,3,0,3.0,7,SUBIR
5,5,4,1,11.08,7,BAJAR
4,5,5,0,8.49,7,SUBIR
4,5,5,0,6.32,8,SUBIR
3,4,4,0,6.07,8,SUBIR
2,3,2,1,5.91,7,MANTENER
1,2,2,0,3.72,8,SUBIR
3,4,3,1,8.35,7,MANTENER
5,5,5,0,10.35,7,MANTENER
1,2,2,0,4.37,8,MANTENER
3,4,4,0,4.97,8,SUBIR
5,5,4,1,12.73,8,BAJAR
4,5,4,1,8.67,7,MANTENER
3,4,4,0,4.62,7,SUBIR
5,5,5,0,8.04,7,MANTENER
1,2,2,0,2.4,7,SUBIR
4,5,5,0,8.66,7,SUBIR
